<videoscreensaver>
	<collection>Clock</collection>
	<encoded>true</encoded>
	<builtin>true</builtin>
	<video>
		<name>Clock 1 - [1.5GB] - 720p</name>
		<filename>Clock001-720p.mp4</filename>
		<image>http://kodi.wiki/images/8/8d/VideoScreensaver-Clock001.JPG</image>
		<duration>43200</duration>
		<primary>aHR0cDovL2tvZGkuemlnZ3k3MzcwMS5zZWVkci5pby9WaWRlb1NjcmVlbnNhdmVyL0Nsb2NrMDAxLTcyMHAubXA0</primary>
	</video>
	<video>
		<name>Clock 2 - [1.3GB] - 360p</name>
		<filename>Clock002-360p.mp4</filename>
		<image>http://kodi.wiki/images/c/c0/VideoScreensaver-Clock002.JPG</image>
		<duration>86399</duration>
		<primary>aHR0cDovL2tvZGkuemlnZ3k3MzcwMS5zZWVkci5pby9WaWRlb1NjcmVlbnNhdmVyL0Nsb2NrMDAyLTM2MHAubXA0</primary>
	</video>
</videoscreensaver>
