<videoscreensaver>
	<collection>Miscellaneous</collection>
	<encoded>true</encoded>
	<builtin>true</builtin>
	<video>
		<name>Christmas 1 - [777MB] - 1080p</name>
		<filename>Christmas001-1080p.mp4</filename>
		<image>http://kodi.wiki/images/5/53/VideoScreensaver-Christmas001.JPG</image>
		<duration>3599</duration>
		<primary>aHR0cDovL2tvZGkuemlnZ3k3MzcwMS5zZWVkci5pby9WaWRlb1NjcmVlbnNhdmVyL0NocmlzdG1hczAwMS0xMDgwcC5tcDQ=</primary>
	</video>
	<video>
		<name>Johnny Castaway 1 - [75MB] - 480p</name>
		<filename>JohnnyCastaway001-480.mp4</filename>
		<image>http://kodi.wiki/images/9/98/VideoScreensaver-JohnnyCastaway001.JPG</image>
		<duration>2271</duration>
		<primary>aHR0cDovL2tvZGkuemlnZ3k3MzcwMS5zZWVkci5pby9WaWRlb1NjcmVlbnNhdmVyL0pvaG5ueUNhc3Rhd2F5MDAxLTQ4MC5tcDQ=</primary>
	</video>
	<video>
		<name>Matrix 1 - [909MB] - 720p</name>
		<filename>Matrix001-720p.mp4</filename>
		<image>http://kodi.wiki/images/8/8f/VideoScreensaver-Matrix001.JPG</image>
		<duration>3482</duration>
		<primary>aHR0cDovL2tvZGkuemlnZ3k3MzcwMS5zZWVkci5pby9WaWRlb1NjcmVlbnNhdmVyL01hdHJpeDAwMS03MjBwLm1wNA==</primary>
	</video>
	<video>
		<name>Ocean 1 - [1.1GB] - 720p</name>
		<filename>Ocean001-720p.mp4</filename>
		<image>http://kodi.wiki/images/1/16/VideoScreensaver-Ocean001.JPG</image>
		<duration>4874</duration>
		<primary>aHR0cDovL2tvZGkuemlnZ3k3MzcwMS5zZWVkci5pby9WaWRlb1NjcmVlbnNhdmVyL09jZWFuMDAxLTcyMHAubXA0</primary>
	</video>
	<video>
		<name>Retro Sci-Fi 1 - [200MB] - 1080p</name>
		<filename>RetroSciFi-001-1080p.mp4</filename>
		<image>http://kodi.wiki/images/f/fb/VideoScreensaver-RetroSciFi001.JPG</image>
		<duration>503</duration>
		<primary>aHR0cDovL2tvZGkuemlnZ3k3MzcwMS5zZWVkci5pby9WaWRlb1NjcmVlbnNhdmVyL1JldHJvU2NpRmktMDAxLTEwODBwLm1wNA==</primary>
	</video>
	<video>
		<name>Star Trek TNG 1 - [54MB] - 720p</name>
		<filename>StarTrekTNG-001-720p.mp4</filename>
		<image>http://kodi.wiki/images/1/16/VideoScreensaver-StarTrekTNG001.JPG</image>
		<duration>412</duration>
		<primary>aHR0cDovL2tvZGkuemlnZ3k3MzcwMS5zZWVkci5pby9WaWRlb1NjcmVlbnNhdmVyL1N0YXJUcmVrVE5HLTAwMS03MjBwLm1wNA==</primary>
	</video>
	<video>
		<name>Watermill 1 - [549MB] - 1080p</name>
		<filename>Watermill001-1080p.mp4</filename>
		<image>http://kodi.wiki/images/e/e2/VideoScreensaver-Watermill001.JPG</image>
		<duration>1293</duration>
		<primary>aHR0cDovL2tvZGkuemlnZ3k3MzcwMS5zZWVkci5pby9WaWRlb1NjcmVlbnNhdmVyL1dhdGVybWlsbDAwMS0xMDgwcC5tcDQ=</primary>
	</video>
</videoscreensaver>
