<videoscreensaver>
	<collection>Woodland</collection>
	<encoded>true</encoded>
	<builtin>true</builtin>
	<video>
		<name>Woodland 1 - [1.3GB] - 720p</name>
		<filename>Woodland001-720p.mp4</filename>
		<image>http://kodi.wiki/images/9/91/VideoScreensaver-Woodland001.JPG</image>
		<duration>3600</duration>
		<primary>aHR0cDovL2tvZGkuemlnZ3k3MzcwMS5zZWVkci5pby9WaWRlb1NjcmVlbnNhdmVyL1dvb2RsYW5kMDAxLTcyMHAubXA0</primary>
	</video>
	<video>
		<name>Woodland 2 - [664MB] - 720p</name>
		<filename>Woodland002-720p.mp4</filename>
		<image>http://kodi.wiki/images/d/de/VideoScreensaver-Woodland002.JPG</image>
		<duration>3609</duration>
		<primary>aHR0cDovL2tvZGkuemlnZ3k3MzcwMS5zZWVkci5pby9WaWRlb1NjcmVlbnNhdmVyL1dvb2RsYW5kMDAyLTcyMHAubXA0</primary>
	</video>
	<video>
		<name>Woodland 3 - [1.0GB] - 720p</name>
		<filename>Woodland003-720p.mp4</filename>
		<image>http://kodi.wiki/images/3/3f/VideoScreensaver-Woodland003.JPG</image>
		<duration>3631</duration>
		<primary>aHR0cDovL2tvZGkuemlnZ3k3MzcwMS5zZWVkci5pby9WaWRlb1NjcmVlbnNhdmVyL1dvb2RsYW5kMDAzLTcyMHAubXA0</primary>
	</video>
</videoscreensaver>
